id,location_name,start_at,end_at,patient_guid,patient_number,patient_prefix,patient_first_name,patient_preferred_name,patient_last_name,treatment_name,staff_member_name,break,insurance_state,state,first_visit,chart_status,notes_text,booked_at,arrived_at,booked_online,archived_at,no_show_at,cancelled_at,cancelled_reason,referral_source
100001,Demo Health Clinic,2026-09-26 08:00:00 -0600,2026-09-26 08:20:00 -0600,DEMO-5001,5001,,Ava,,Morgan,Chiro Follow-Up,Dr. Maya Chen,false,,confirmed,false,active,[Maya] Review mobility goals at next visit.,2026-09-19 08:00:00 -0600,,false,,,,,Demo Referral
100002,Demo Health Clinic,2026-09-26 08:25:00 -0600,2026-09-26 09:25:00 -0600,DEMO-5001,5001,,Ava,,Morgan,Therapeutic Massage - 60 Minutes,Ms. Sofia Martinez,false,,confirmed,false,active,,2026-09-19 08:25:00 -0600,,false,,,,,Demo Referral
100003,Demo Health Clinic,2026-09-26 08:30:00 -0600,2026-09-26 08:50:00 -0600,DEMO-5002,5002,,Noah,,Patel,Chiro Day 2,Dr. Maya Chen,false,,arrived,false,active,,2026-09-19 08:30:00 -0600,,false,,,,,Demo Referral
100004,Demo Health Clinic,2026-09-26 09:00:00 -0600,2026-09-26 09:20:00 -0600,DEMO-5003,5003,,Mia,,Turner,Chiro Follow-Up,Dr. Maya Chen,false,,booked,false,active,,2026-09-19 09:00:00 -0600,,false,,,,,Demo Referral
100005,Demo Health Clinic,2026-09-26 09:40:00 -0600,2026-09-26 10:00:00 -0600,DEMO-5004,5004,,Ethan,,Brooks,Chiro Progress Exam Phase 2,Dr. Maya Chen,false,,confirmed,false,active,[Maya] Recheck home exercise tolerance. [Insurance] Synthetic demo only.,2026-09-19 09:40:00 -0600,,false,,,,,Demo Referral
100006,Demo Health Clinic,2026-09-26 10:00:00 -0600,2026-09-26 10:30:00 -0600,DEMO-5005,5005,,Sofia,,Kim,Chiro Initial Assessment Day 1,Dr. Noah Singh,false,,confirmed,false,active,,2026-09-19 10:00:00 -0600,,false,,,,,Demo Referral
100007,Demo Health Clinic,2026-09-26 10:40:00 -0600,2026-09-26 11:00:00 -0600,DEMO-5006,5006,,Lucas,,Nguyen,Chiro Follow-Up,Dr. Noah Singh,false,,arrived,false,active,,2026-09-19 10:40:00 -0600,,false,,,,,Demo Referral
100008,Demo Health Clinic,2026-09-26 11:10:00 -0600,2026-09-26 11:30:00 -0600,DEMO-5007,5007,,Emma,,Rivera,Complimentary Chiro Follow-Up,Dr. Noah Singh,false,,booked,false,active,,2026-09-19 11:10:00 -0600,,false,,,,,Demo Referral
100009,Demo Health Clinic,2026-09-26 09:00:00 -0600,2026-09-26 09:30:00 -0600,DEMO-5008,5008,,Chloe,,Davis,Physio Follow-Up,Mr. Liam Parker,false,,confirmed,false,active,,2026-09-19 09:00:00 -0600,,false,,,,,Demo Referral
100010,Demo Health Clinic,2026-09-26 09:35:00 -0600,2026-09-26 09:55:00 -0600,DEMO-5008,5008,,Chloe,,Davis,Shockwave Therapy,Alex Rivera,false,,confirmed,false,active,,2026-09-19 09:35:00 -0600,,false,,,,,Demo Referral
100011,Demo Health Clinic,2026-09-26 09:45:00 -0600,2026-09-26 10:15:00 -0600,DEMO-5009,5009,,Owen,,Martin,Physio Day 2,Mr. Liam Parker,false,,arrived,false,active,,2026-09-19 09:45:00 -0600,,false,,,,,Demo Referral
100012,Demo Health Clinic,2026-09-26 10:30:00 -0600,2026-09-26 11:00:00 -0600,DEMO-5010,5010,,Maya,,Wilson,Physio Progress Exam Phase 1,Mr. Liam Parker,false,,booked,false,active,,2026-09-19 10:30:00 -0600,,false,,,,,Demo Referral
100013,Demo Health Clinic,2026-09-26 10:00:00 -0600,2026-09-26 10:20:00 -0600,DEMO-5011,5011,,Leo,,Carter,Cold Laser Therapy,Alex Rivera,false,,confirmed,false,active,,2026-09-19 10:00:00 -0600,,false,,,,,Demo Referral
100014,Demo Health Clinic,2026-09-26 11:00:00 -0600,2026-09-26 11:30:00 -0600,DEMO-5012,5012,,Isla,,Thompson,Orthotic 3D Scan,Alex Rivera,false,,booked,false,active,,2026-09-19 11:00:00 -0600,,false,,,,,Demo Referral
100015,Demo Health Clinic,2026-09-26 10:00:00 -0600,2026-09-26 11:15:00 -0600,DEMO-5013,5013,,Harper,,Scott,Therapeutic Massage - 60 Minutes,Ms. Sofia Martinez,false,,confirmed,false,active,,2026-09-19 10:00:00 -0600,,false,,,,,Demo Referral
100016,Demo Health Clinic,2026-09-26 12:00:00 -0600,2026-09-26 12:45:00 -0600,DEMO-5014,5014,,Elijah,,Adams,Therapeutic Massage - 30 Minutes,Ms. Sofia Martinez,false,,booked,false,active,,2026-09-19 12:00:00 -0600,,false,,,,,Demo Referral
100017,Demo Health Clinic,2026-09-26 13:00:00 -0600,2026-09-26 13:20:00 -0600,DEMO-5015,5015,,Demo,,Cancelled,Chiro Follow-Up,Dr. Maya Chen,false,,cancelled,false,active,,2026-09-19 13:00:00 -0600,,false,,,,,Demo Referral
100018,Demo Health Clinic,2026-10-03 08:00:00 -0600,2026-10-03 08:20:00 -0600,DEMO-5001,5001,,Ava,,Morgan,Chiro Follow-Up,Dr. Maya Chen,false,,booked,false,active,,2026-09-26 08:00:00 -0600,,false,,,,,Demo Referral
100019,Demo Health Clinic,2026-10-17 08:00:00 -0600,2026-10-17 08:20:00 -0600,DEMO-5001,5001,,Ava,,Morgan,Chiro Follow-Up,Dr. Maya Chen,false,,booked,false,active,,2026-10-10 08:00:00 -0600,,false,,,,,Demo Referral
100020,Demo Health Clinic,2026-10-04 08:30:00 -0600,2026-10-04 08:50:00 -0600,DEMO-5002,5002,,Noah,,Patel,Chiro Follow-Up,Dr. Maya Chen,false,,booked,false,active,,2026-09-27 08:30:00 -0600,,false,,,,,Demo Referral
100021,Demo Health Clinic,2026-10-10 09:00:00 -0600,2026-10-10 10:00:00 -0600,DEMO-5003,5003,,Mia,,Turner,Therapeutic Massage - 60 Minutes,Ms. Sofia Martinez,false,,booked,false,active,,2026-10-03 09:00:00 -0600,,false,,,,,Demo Referral
100022,Demo Health Clinic,2026-10-26 09:40:00 -0600,2026-10-26 10:00:00 -0600,DEMO-5004,5004,,Ethan,,Brooks,Chiro Follow-Up,Dr. Maya Chen,false,,booked,false,active,,2026-10-19 09:40:00 -0600,,false,,,,,Demo Referral
100023,Demo Health Clinic,2026-11-10 09:40:00 -0600,2026-11-10 10:00:00 -0600,DEMO-5004,5004,,Ethan,,Brooks,Chiro Follow-Up,Dr. Maya Chen,false,,booked,false,active,,2026-11-03 09:40:00 -0600,,false,,,,,Demo Referral
100024,Demo Health Clinic,2026-10-06 10:40:00 -0600,2026-10-06 11:00:00 -0600,DEMO-5006,5006,,Lucas,,Nguyen,Chiro Follow-Up,Dr. Noah Singh,false,,booked,false,active,,2026-09-29 10:40:00 -0600,,false,,,,,Demo Referral
100025,Demo Health Clinic,2026-10-03 09:00:00 -0600,2026-10-03 09:30:00 -0600,DEMO-5008,5008,,Chloe,,Davis,Physio Follow-Up,Mr. Liam Parker,false,,booked,false,active,,2026-09-26 09:00:00 -0600,,false,,,,,Demo Referral
100026,Demo Health Clinic,2026-10-24 09:00:00 -0600,2026-10-24 09:30:00 -0600,DEMO-5008,5008,,Chloe,,Davis,Physio Follow-Up,Mr. Liam Parker,false,,booked,false,active,,2026-10-17 09:00:00 -0600,,false,,,,,Demo Referral
100027,Demo Health Clinic,2026-10-03 09:35:00 -0600,2026-10-03 09:55:00 -0600,DEMO-5008,5008,,Chloe,,Davis,Shockwave Therapy,Alex Rivera,false,,booked,false,active,,2026-09-26 09:35:00 -0600,,false,,,,,Demo Referral
100028,Demo Health Clinic,2026-10-10 09:45:00 -0600,2026-10-10 10:15:00 -0600,DEMO-5009,5009,,Owen,,Martin,Physio Follow-Up,Mr. Liam Parker,false,,booked,false,active,,2026-10-03 09:45:00 -0600,,false,,,,,Demo Referral
100029,Demo Health Clinic,2026-10-17 10:00:00 -0600,2026-10-17 10:20:00 -0600,DEMO-5011,5011,,Leo,,Carter,Cold Laser Therapy,Alex Rivera,false,,booked,false,active,,2026-10-10 10:00:00 -0600,,false,,,,,Demo Referral
100030,Demo Health Clinic,2026-10-26 10:00:00 -0600,2026-10-26 11:15:00 -0600,DEMO-5013,5013,,Harper,,Scott,Therapeutic Massage - 60 Minutes,Ms. Sofia Martinez,false,,booked,false,active,,2026-10-19 10:00:00 -0600,,false,,,,,Demo Referral
100031,Demo Health Clinic,2027-03-30 14:00:00 -0600,2027-03-30 14:20:00 -0600,DEMO-5016,5016,,Coverage,,Example,Chiro Follow-Up,Dr. Maya Chen,false,,booked,false,active,,2027-03-23 14:00:00 -0600,,false,,,,,Demo Referral
